<?xml version="1.0" encoding="UTF-8"?>
<project-private xmlns="http://www.netbeans.org/ns/project-private/1">
    <editor-bookmarks xmlns="http://www.netbeans.org/ns/editor-bookmarks/2" lastBookmarkId="0"/>
    <open-files xmlns="http://www.netbeans.org/ns/projectui-open-files/2">
        <group>
            <file>file:/D:/Oshiiiiii's/Uni/RAD%20Project/QMS-master/src/userForm.java</file>
            <file>file:/D:/Oshiiiiii's/Uni/RAD%20Project/QMS-master/src/User.java</file>
            <file>file:/D:/Oshiiiiii's/Uni/RAD%20Project/QMS-master/src/LoginForm.java</file>
            <file>file:/D:/Oshiiiiii's/Uni/RAD%20Project/QMS-master/src/adminForm.java</file>
            <file>file:/D:/Oshiiiiii's/Uni/RAD%20Project/QMS-master/src/addProduct.java</file>
        </group>
    </open-files>
</project-private>
